profile,label,case,n,passes,median_s,min_s,max_s,median_tokens,median_server_decode_tps
bonsai-binary,Bonsai binary · llama.cpp,json_contract,3,2,3.108895916999245,2.738952749999953,3.6021354170006816,39,14.945731263166008
bonsai-binary,Bonsai binary · llama.cpp,literal_recall,3,3,0.6985124169987103,0.676617458999317,1.2376945410014741,8,14.880477875918071
bonsai-ternary,Bonsai packed ternary · MLX-LM,json_contract,6,6,3.4812176040004488,3.3809792500014737,4.111116416999721,26.0,
bonsai-ternary,Bonsai packed ternary · MLX-LM,literal_recall,6,6,1.6730382079995252,1.5974659170005907,1.8758480830001645,8.0,
qwen36-stream,Qwen3.6 streamed · TurboQuant,json_contract,3,3,5.822247166999659,4.517493624998679,7.254183666000245,39,
qwen36-stream,Qwen3.6 streamed · TurboQuant,literal_recall,3,3,2.5114209999992454,2.493350124999779,2.9728262919998087,8,
qwen38-iq2s,Qwen3.8 IQ2_S · llama.cpp,json_contract,3,3,3.6714108339983795,3.5247604159994808,5.003275333001511,26,8.063873620392183
qwen38-iq2s,Qwen3.8 IQ2_S · llama.cpp,literal_recall,3,3,1.2030681670003105,1.1599255420005647,2.0803222079994157,8,8.949381022453997
qwen38-q2xl,Qwen3.8 Q2_K_XL · llama.cpp,json_contract,3,3,4.343873290999909,4.322781375001796,5.23040200000105,31,7.740427348993937
qwen38-q2xl,Qwen3.8 Q2_K_XL · llama.cpp,literal_recall,3,3,1.348721000002115,1.2130439579996164,1.996083208003256,8,8.554340839156394
qwen38-iq3xxs,Qwen3.8 IQ3_XXS · llama.cpp,json_contract,3,3,4.26321433299745,4.218121292004071,5.25847104100103,31,7.953220219100613
qwen38-iq3xxs,Qwen3.8 IQ3_XXS · llama.cpp,literal_recall,3,3,1.2674619170065853,1.2439917090014205,2.022592541994527,8,8.479483284515736
qwen38-mlx2,Qwen3.8 MLX 2-bit · MLX-LM,json_contract,3,0,54.19002274999366,54.17866787499952,56.02492587499728,512,
qwen38-mlx2,Qwen3.8 MLX 2-bit · MLX-LM,literal_recall,3,0,1.803190499995253,1.7447199579983135,1.8862995419985964,4,
qwen38-mlx3,Qwen3.8 MLX 3-bit · MLX-LM,json_contract,3,3,6.703006124997046,6.691580250000698,7.17293433300074,39,
qwen38-mlx3,Qwen3.8 MLX 3-bit · MLX-LM,literal_recall,3,3,2.5143593750035507,2.413693417001923,2.5250820410001324,8,
qwen38-omlx2,Qwen3.8 MLX 2-bit · oMLX,json_contract,3,0,16.14556737500243,13.485042959000566,50.87701825000113,153,10.16
qwen38-omlx2,Qwen3.8 MLX 2-bit · oMLX,literal_recall,3,0,8.775255041000491,6.212997415997961,50.75220754100155,79,9.48
qwen38-omlx3,Qwen3.8 MLX 3-bit · oMLX,json_contract,3,3,21.280943416997616,20.36109554200084,24.753473125005257,168,8.52
qwen38-omlx3,Qwen3.8 MLX 3-bit · oMLX,literal_recall,3,3,9.304264083999442,8.994864665997738,14.026195500002359,74,8.45
