source_file,bytes,sha256,lines
logs/binary-generate.log,0,e3b0c44298fc1c149afbf4c8996fb92427ae41e4649b934ca495991b7852b855,0
logs/binary-server.log,6207,1bb0c8a3945ac185ebbedb6c9d1398e2bd8edaa4e6edb6d712f4efeb2c6f0d78,57
logs/binary-smoke.jsonl,8686,5d71c7ac5c6d3eb843b517970314e2a8672b63fdcaa64e14563a60a58396f2f7,6
logs/bonsai-binary-launch.json,807,3eadb9b0e5bdea35925793f2b2ced4d9db9324b605075e29b9bf82e9a643dc38,38
logs/bonsai-binary-runtime-help.txt,57271,0f4394c65ff4bf9d76b9f7b8fb6c61ddfe84b0dfc061e36b1e6cf15b586193ac,712
logs/bonsai-demo.commit.txt,41,0988529b9311bf9a2289941400e3ea2f5d6e0a7532bda0e97cc68ea02a7eaabf,1
logs/bonsai-ternary-launch.json,799,2a32db6eacff25f1c082835378857a9185dba4c9e4ea40dd39aeabf0fbc5b43f,33
logs/bonsai-ternary-runtime-help.txt,3586,c9498e88c640b4a7b33df78018e1af312c69d1e57d551af8aba85b87720828bf,69
logs/llama-homebrew-version.txt,16,1ee822338e90b31c483b8e3de8cb7b73fe336f0f3b4e45d9a6053e2f48bbdfdc,1
logs/llama-server-help.txt,59268,33f51154d1219608534acd5943dacf6728d43b7b9467cda92da2755e7c212c16,736
logs/llama-server-version.txt,102,2337f8a6246226c2e314bf69c1a4e0c2ab6bc92344d1faf1ea80b088a5b0a7c7,2
logs/qwen36-resident-server.log,406,b7c61a40be710ac4fc8750093f59e1228ecbc12c370d7a166d7c5cde1600d558,2
logs/qwen36-stream-launch.json,908,b039bfcfa3a2104d26c0d0e839702ad7bc32cf2c66d33e3ffc7dd7b087542db3,35
logs/qwen36-stream-preflight.json,5728,3ae02a6cfcb46c39882f386990238580516950d3975a545ee167473ed546a32c,64
logs/qwen36-stream-ready-r4.txt,6,3dfa3fb239f56c778a1e9b33eb31328349edd155a95806dac4378904e88527e5,1
logs/qwen36-stream-ready-r4.txt.request.jsonl,915,217c1f89903014a27e02cc5010aabee857dee5083cb2829882c1dc87f85723d7,1
logs/qwen36-stream-runtime-help.txt,3939,22822a990f066bb40c972d610eac53a29d16f505651d19a8b1e8c8a7a90f8636,71
logs/qwen36-stream-server-r4.log,5883,715855ccb4b6cfa7daf2300bb1918ec2dc897c8408297d990ecc360b2e6bdf9f,72
logs/qwen36-stream-server.log,3224,5059b91d9c7489604282a14830f1af80ba9a4cf6fe5d9a17ffda1b0811df207b,31
logs/qwen36-stream-smoke-r4.jsonl,8161,6d15ccf399b3462560d3104f7de5a791fdd0649cf824e0209cd8b4b92e95eb04,6
logs/qwen38-iq2s-launch.json,989,3d27cd6341af452c0d45dbda2abe672e25b97feee24c1b038d5e2322d1018c1a,46
logs/qwen38-iq2s-preflight.json,61207,9a60ad9724ed235923cb24f89dd67afa65e2e1ca57a13293707e867747bdc44f,67
logs/qwen38-iq2s-runtime-help.txt,59269,43dc350bf363bfe3663fb0824673965dce0db004d86b13390454e2d2a1ba39dd,737
logs/qwen38-iq2s-server.log,6085,782eef49260fa03197858dd2fe7a03e16c27ed724e9dd091a007fb73691b16ca,54
logs/qwen38-iq2s-smoke.jsonl,8488,301145a37f36227754158127f12dde1226c40ff045612d066de90340ba6415fe,6
logs/qwen38-iq3xxs-launch.json,997,c4286bcd896809469ea48663c8b690f3070d4751120becb608e5452235af1b81,46
logs/qwen38-iq3xxs-preflight.json,61215,d354263567b67cac33e027732c79c8b45f2c2bd296adee9aef7471b97144a8ab,67
logs/qwen38-iq3xxs-runtime-help.txt,59269,43dc350bf363bfe3663fb0824673965dce0db004d86b13390454e2d2a1ba39dd,737
logs/qwen38-iq3xxs-server.log,7581,706bfc034dc5d60801b69d2376e687a66f5f74265f7de2b2d3954e92914d1a07,69
logs/qwen38-iq3xxs-smoke.jsonl,8565,3bc3691c2379456b89cadf62392df0925c24b66cf3921bc23f47fb3c9db59712,6
logs/qwen38-mlx.freeze.txt,563,5ce9e8b609cb64e63a75b5b6f5e3a7299a0d8548789d942e431d681dd8865352,34
logs/qwen38-mlx2-generate.log,874,118edf802630ffbf22dc48acbb1123e167d447a37b40115a463219bafa4595dd,7
logs/qwen38-mlx2-launch.json,912,4b4311588a1c6cf84408a62bb4019589249adfd1aebeb1f2cc3bcf63c0674c25,34
logs/qwen38-mlx2-preflight.json,4688,fdc3a68b1ca350f84c75740e1b6eded9483782aef145fbbc766bb500db043eb4,48
logs/qwen38-mlx2-runtime-help.txt,3586,c9498e88c640b4a7b33df78018e1af312c69d1e57d551af8aba85b87720828bf,69
logs/qwen38-mlx2-server.log,4190,b1396576c5c991b9a5121e9d5b15eaa60caf7bc217dba555d06ae94f63dee348,55
logs/qwen38-mlx2-smoke.jsonl,15584,653fec0729d86d2e015bc071f527e8457ea15b25af74c6a1f15a4c52c093a4c4,6
logs/qwen38-mlx3-launch.json,912,df31cd09a6bea95e726b94e5d59bc9d87bf7efc0c436a7d65fb73be63fcf056b,34
logs/qwen38-mlx3-preflight.json,4688,3107375f6c026747e8b20be52ac350e7bc8ee3b36904c06d172ae25eea3734cf,48
logs/qwen38-mlx3-runtime-help.txt,3586,c9498e88c640b4a7b33df78018e1af312c69d1e57d551af8aba85b87720828bf,69
logs/qwen38-mlx3-server.log,4190,ebf7746bf6647b20813d9e1634d19dcfe14242884b7ec407209a6024a18dd7a6,55
logs/qwen38-mlx3-smoke.jsonl,8143,173a1b650710e7d045e7e55e439a13c1c1e79ea6810cb9061ce86377bfa1c536,6
logs/qwen38-omlx-smoke.jsonl,27964,80f725f1f7d86d4d538db0e3e129c1f41c14897f63a2880d8b1b704a63f09fbe,12
logs/qwen38-q2x1-server.log,499,2f18ab6f12ebb9a78f12e379b64f78a4f2d619e8125439f244182f1f4bb0b851,2
logs/qwen38-q2xl-launch.json,991,bf73be1f72e1674b95bca20d24c0079581e581f7fdd0384d8b876cfeb446994c,46
logs/qwen38-q2xl-preflight.json,61209,3f5ce9ca82be96da7731c9d9de27ac1887c424f5d66024b4d5e9a411cb8be37f,67
logs/qwen38-q2xl-runtime-help.txt,59269,43dc350bf363bfe3663fb0824673965dce0db004d86b13390454e2d2a1ba39dd,737
logs/qwen38-q2xl-smoke.jsonl,8534,70ef32b0d131f05485bd6d555fcca7a0620d785e8ff49185c552d56f5c9fea30,6
logs/qwen38-tq-diagnostic.exit-code.txt,2,9a271f2a916b0b6ee6cecb2426f0b3206ef074578be55d9bc94f6f3fe3ab86aa,1
logs/qwen38-tq-diagnostic.log,1485,c05df62d8c86dcd732e3f6346f8138847d123dae0ad899baaecf4bc5de249a94,24
logs/ternary-code.sha256.txt,157,fafe3d1a547773024b7e0c44325eddb40673ca3d0cacf03bff5c06fed4f64c4c,1
logs/ternary-generate.log,939,67bb232c7c7432fa4c5b0a7fd9d2dfde9b03f676a1a52dbf632f72cccba00ba5,6
logs/ternary-server.log,4176,2ee7742bd4e9a14a22cd7cbb907c6304ef05bdc63cc370a70ac3b1f22c0ee504,55
logs/ternary-smoke.jsonl,16287,0666c9872351e5fe03215b41b4583d48de077ed66061b5238ffb8ca70b8abc9d,12
logs/ternary.freeze.txt,563,8be3e8771b107abde0e9b111dca274f1795dd04cb72e0924dc710a2410f37775,34
logs/tools.freeze.txt,242,04f100fe087f1477e97a904f6cc19c1c78b2c89f863af38e942cb5bc7eb73693,15
logs/tq-before-loader-fix-20261006-011959.txt,622,5d53df99910dcbdf60ca78c2f4e902d2475f0b244eb1ca180cb90f383a6f0835,37
logs/tq-loader-after-20261006-011959.json,1233,f747b1a2c8ba5e7ae4c48186b6dd9692684b22e19272c5ad8c090f5d216e8473,43
logs/tq-plan-help.txt,1230,4c7644f35cff5560e4a44d3d48a6ea054902f093e1a89c295608a27bab8d522c,24
logs/tq-serve-help.txt,4318,d17be67379fcb7e1bc98b49a124c4345e6ec9cb6f705a616d70cc2ae2d5d1c63,79
logs/tq-vlm-generate-help.txt,2474,50134db73f66d55e0e8cbcb2e9396b75bef081f263f2e28fd983fbfee3722f4f,42
logs/tq-vlm-server-help.txt,8095,388e8fa3075d076348939e35bb29ddcc89a6ba53706702d69fd73b773d7ce217,145
logs/tq-vlm.freeze.txt,1040,88c4ef6932df412c48ea5c00a3df4955dc28b97b711dd05e45f80da60e6bbbd9,59
logs/tq.freeze.txt,591,a7ea6eaba0d326327d97f86873fe33ba8ce0e070ba2b3b394b77feb90cb799bc,35
