profile,session,n,passes,utc_start,utc_last_request_start,json_median_s,recall_median_s
bonsai-binary,binary-smoke.jsonl:suite-1,6,5,2026-10-05T21:48:36.739331+00:00,2026-10-05T21:48:48.128778+00:00,3.108895916999245,0.6985124169987103
bonsai-ternary,ternary-smoke.jsonl:suite-1,6,6,2026-10-05T21:20:07.085894+00:00,2026-10-05T21:20:21.815380+00:00,3.5946536249994097,1.675270207999347
bonsai-ternary,ternary-smoke.jsonl:suite-2,6,6,2026-10-05T21:52:27.664029+00:00,2026-10-05T21:52:41.265721+00:00,3.3846365839999635,1.6546550830007618
qwen36-stream,qwen36-stream-smoke-r4.jsonl:suite-1,6,6,2026-10-05T23:23:22.039867+00:00,2026-10-05T23:23:45.121009+00:00,5.822247166999659,2.5114209999992454
qwen38-iq2s,qwen38-iq2s-smoke.jsonl:suite-1,6,6,2026-10-06T05:36:24.842960+00:00,2026-10-06T05:36:40.328927+00:00,3.6714108339983795,1.2030681670003105
qwen38-q2xl,qwen38-q2xl-smoke.jsonl:suite-1,6,6,2026-10-06T05:52:18.262968+00:00,2026-10-06T05:52:35.531235+00:00,4.343873290999909,1.348721000002115
qwen38-iq3xxs,qwen38-iq3xxs-smoke.jsonl:suite-1,6,6,2026-10-06T18:03:34.099425+00:00,2026-10-06T18:03:51.132718+00:00,4.26321433299745,1.2674619170065853
qwen38-mlx2,qwen38-mlx2-smoke.jsonl:suite-1,6,0,2026-10-06T20:01:17.201449+00:00,2026-10-06T20:04:05.147510+00:00,54.19002274999366,1.803190499995253
qwen38-mlx3,qwen38-mlx3-smoke.jsonl:suite-1,6,6,2026-10-06T20:10:10.617831+00:00,2026-10-06T20:10:36.129005+00:00,6.703006124997046,2.5143593750035507
qwen38-omlx2,qwen38-omlx-smoke.jsonl:suite-1,6,0,2026-10-06T20:14:21.646401+00:00,2026-10-06T20:16:41.687693+00:00,16.14556737500243,8.775255041000491
qwen38-omlx3,qwen38-omlx-smoke.jsonl:suite-2,6,6,2026-10-06T20:18:57.021180+00:00,2026-10-06T20:20:26.754272+00:00,21.280943416997616,9.304264083999442
